<MigrationProcessCSVMetadataVO>
   <MigrationProcessCSVMetadataVORow>
      <ProcessId>-999</ProcessId>
      <ProcessName>Select Forecasting Options_20240315_065840_409</ProcessName>
      <ProcessDescription>Select Forecasting Options_20240315_065840_409</ProcessDescription>
      <ProcessDate>2024-03-15 18:59:12.771</ProcessDate>
      <ObjectShortName>ZSF_SELECT_FORECASTING_OPTIONS</ObjectShortName>
      <ObjectType>TASK</ObjectType>
      <CreatedByFlow>TASK_CSV_SERVICE</CreatedByFlow>
      <MigrationProcessBusinessObjectCSVMetadata1>
         <MigrationProcessBusinessObjectCSVMetadataVORow>
            <ProcessId>-999</ProcessId>
            <BusinessObjectShortName>ZSF_FCST_SERIES</BusinessObjectShortName>
            <BatchName null="true"/>
            <XmlAttributeList>ActiveFlag,AdjPeriodUnitCode,BestCaseFcstFlag,ClosedRevenueFlag,ConflictId,CorpCurrCode,CorpCurrRateType,DueDateOffsetType,ExpectedRevnFlag,FcstCriteriaOverrideFlag,FcstPeriodUnitCode,FirstFcstDueDateOffset,ItemTypeCode,NonRevnFcstFlag,NumberOfForecasts,PipelineRevnFlag,PredictedAdjustmentFlag,ProdHierAdjustLevel,ProdSummaryAdjustFlag,QuotaFlag,RemoveFrozenForecast,ScheduledPeriods,TerrHierFreezeOffset,WorstCaseFcstFlag,AutoPilotStatus,AutoPilotNotifyEmails,ConcurrentForecasts,AdjustmentNotesFlag,TrendGraphFlag,ResourceForecastingFlag</XmlAttributeList>
            <XmlAttributeTypeList>string,string,string,string,long,string,string,string,string,string,string,int,string,string,int,string,string,decimal,string,string,string,int,int,string,string,string,decimal,string,string,string</XmlAttributeTypeList>
            <XmlNodePath>/ForecastSeriesSetupVO/ForecastSeriesSetupVORow</XmlNodePath>
            <NodeSequence>1</NodeSequence>
         </MigrationProcessBusinessObjectCSVMetadataVORow>
         <MigrationProcessBusinessObjectCSVMetadataVORow>
            <ProcessId>-999</ProcessId>
            <BusinessObjectShortName>ORA_FORECAST_SERIES_CRITERIA_SETUP</BusinessObjectShortName>
            <BatchName null="true"/>
            <XmlAttributeList>ConflictId,CriteriaCode,CriteriaPosNum,FieldJoinCondnCode,FieldOperatorCode,FieldValue</XmlAttributeList>
            <XmlAttributeTypeList>long,string,long,string,string,string</XmlAttributeTypeList>
            <XmlNodePath>/ForecastSeriesSetupVO/ForecastSeriesSetupVORow/ForecastSeriesCriteriaSetup/ForecastSeriesCriteriaSetupVORow</XmlNodePath>
            <NodeSequence>2</NodeSequence>
         </MigrationProcessBusinessObjectCSVMetadataVORow>
      </MigrationProcessBusinessObjectCSVMetadata1>
      <MigrationProcessBatchCSVMetadata null="true"/>
      <MigrationProcessScopeValueCSVMetadata null="true"/>
      <MigrationProcessMigrationObjectCSVMetadata>
         <MigrationProcessMigrationObjectCSVMetadataVORow>
            <ProcessId>-999</ProcessId>
            <BusinessObjectShortName>ORA_FORECAST_SERIES_CRITERIA_SETUP</BusinessObjectShortName>
            <MigrateFlag>Y</MigrateFlag>
            <IncludeExternalDataFlag>Y</IncludeExternalDataFlag>
         </MigrationProcessMigrationObjectCSVMetadataVORow>
         <MigrationProcessMigrationObjectCSVMetadataVORow>
            <ProcessId>-999</ProcessId>
            <BusinessObjectShortName>ZSF_FCST_SERIES</BusinessObjectShortName>
            <MigrateFlag>Y</MigrateFlag>
            <IncludeExternalDataFlag>Y</IncludeExternalDataFlag>
         </MigrationProcessMigrationObjectCSVMetadataVORow>
      </MigrationProcessMigrationObjectCSVMetadata>
      <MigrationProcessTaskCSVMetadata null="true"/>
      <MigrationProcessServiceVersionCSVMetadata null="true"/>
   </MigrationProcessCSVMetadataVORow>
</MigrationProcessCSVMetadataVO>