<MigrationProcessCSVMetadataVO>
   <MigrationProcessCSVMetadataVORow>
      <ProcessId>-999</ProcessId>
      <ProcessName>Manage Sales Assignment Manager Rules_20240315_044920_198</ProcessName>
      <ProcessDescription>Manage Sales Assignment Manager Rules_20240315_044920_198</ProcessDescription>
      <ProcessDate>2024-03-15 16:49:56.845</ProcessDate>
      <ObjectShortName>MOO_MANAGE_OPPORTUNITY_ASSIGNMENT_MANAGE_RULES</ObjectShortName>
      <ObjectType>TASK</ObjectType>
      <CreatedByFlow>TASK_CSV_SERVICE</CreatedByFlow>
      <MigrationProcessBusinessObjectCSVMetadata1>
         <MigrationProcessBusinessObjectCSVMetadataVORow>
            <ProcessId>-999</ProcessId>
            <BusinessObjectShortName>ORA_MOO_SALES_ASSIGNMENT_RULESET_RELATION</BusinessObjectShortName>
            <BatchName null="true"/>
            <XmlAttributeList>OwnerModule,RecordStatus,RuleSetName,UseScoreFlag,FilterType,NoOfCandidates,MinScore,CreatedBy,CreationDate,LastUpdatedBy,LastUpdateDate,LastUpdateLogin,InactiveFlag,StartDate,EndDate,Description,RuleSetGroupGuid,RuleSetDetailGuid,CandidateObjectGuid,WorkObjectGuid,RuleType,MaxScore,RefRowGuid,CreatedByPartyId,LastUpdatedByPartyId,RuleSetNumber</XmlAttributeList>
            <XmlAttributeTypeList>string,string,string,string,string,int,int,string,dateTime,string,dateTime,string,string,dateTime,dateTime,string,string,string,string,string,string,int,string,long,long,string</XmlAttributeTypeList>
            <XmlNodePath>/RuleSetGroupVO/RuleSetGroupVORow/RuleSet/RuleSetVORow</XmlNodePath>
            <NodeSequence>2</NodeSequence>
         </MigrationProcessBusinessObjectCSVMetadataVORow>
         <MigrationProcessBusinessObjectCSVMetadataVORow>
            <ProcessId>-999</ProcessId>
            <BusinessObjectShortName>ORA_MOO_SALES_ASSIGNMENT_RULE_CANDIDATE</BusinessObjectShortName>
            <BatchName null="true"/>
            <XmlAttributeList>RuleCandidateGuid,RuleGuid,CreatedBy,CreationDate,LastUpdatedBy,LastUpdateDate,LastUpdateLogin,RefRowGuid,RecordStatus,CandObjPublicIdentifier,CandObjAddlInfo1,RuleCandidateNumber,RequestId,InactiveFlag</XmlAttributeList>
            <XmlAttributeTypeList>string,string,string,dateTime,string,dateTime,string,string,string,string,string,string,long,string</XmlAttributeTypeList>
            <XmlNodePath>/RuleSetGroupVO/RuleSetGroupVORow/RuleSet/RuleSetVORow/Rule/RuleVORow/RuleCandidate/RuleCandidateVORow</XmlNodePath>
            <NodeSequence>6</NodeSequence>
         </MigrationProcessBusinessObjectCSVMetadataVORow>
         <MigrationProcessBusinessObjectCSVMetadataVORow>
            <ProcessId>-999</ProcessId>
            <BusinessObjectShortName>ORA_MOO_SALES_ASSIGNMENT_RULE_CONDITION</BusinessObjectShortName>
            <BatchName null="true"/>
            <XmlAttributeList>RuleConditionGuid,RuleGuid,Operator,Value,CreatedBy,CreationDate,LastUpdatedBy,LastUpdateDate,LastUpdateLogin,LhsObject,LhsObjectAttr,LhsObjectFkIdAttr,RecordStatus,RefRowGuid,RhsObjectAttr,RhsObject,RuleConditionNumber</XmlAttributeList>
            <XmlAttributeTypeList>string,string,string,string,string,dateTime,string,dateTime,string,string,string,string,string,string,string,string,string</XmlAttributeTypeList>
            <XmlNodePath>/RuleSetGroupVO/RuleSetGroupVORow/RuleSet/RuleSetVORow/Rule/RuleVORow/RuleCondition/RuleConditionVORow</XmlNodePath>
            <NodeSequence>4</NodeSequence>
         </MigrationProcessBusinessObjectCSVMetadataVORow>
         <MigrationProcessBusinessObjectCSVMetadataVORow>
            <ProcessId>-999</ProcessId>
            <BusinessObjectShortName>ORA_MOO_SALES_ASSIGNMENT_RULE_CONDITION_VALUE</BusinessObjectShortName>
            <BatchName null="true"/>
            <XmlAttributeList>RuleConditionValueGuid,RuleConditionGuid,Value,CreatedBy,CreationDate,LastUpdatedBy,LastUpdateDate,LastUpdateLogin,RecordStatus,RefRowGuid,RuleConditionValueNumber</XmlAttributeList>
            <XmlAttributeTypeList>string,string,string,string,dateTime,string,dateTime,string,string,string,string</XmlAttributeTypeList>
            <XmlNodePath>/RuleSetGroupVO/RuleSetGroupVORow/RuleSet/RuleSetVORow/Rule/RuleVORow/RuleCondition/RuleConditionVORow/RuleConditionValue/RuleConditionValueVORow</XmlNodePath>
            <NodeSequence>5</NodeSequence>
         </MigrationProcessBusinessObjectCSVMetadataVORow>
         <MigrationProcessBusinessObjectCSVMetadataVORow>
            <ProcessId>-999</ProcessId>
            <BusinessObjectShortName>MOO_OPPORTUNITY_ASSIGNMENT_RULE</BusinessObjectShortName>
            <BatchName null="true"/>
            <XmlAttributeList>RuleGuid,RuleSetDetailGuid,RuleName,Description,InactiveFlag,PredefinedFlag,StartDate,EndDate,Action,CreatedBy,CreationDate,LastUpdatedBy,LastUpdateDate,LastUpdateLogin,RecordStatus,RefRowGuid,MatchingType,RuleNumber,RequestId,ConditionCode,ConditionProperty1,RuleSetGroupCode,ObjectVersionNumber1</XmlAttributeList>
            <XmlAttributeTypeList>string,string,string,string,string,string,dateTime,dateTime,string,string,dateTime,string,dateTime,string,string,string,string,string,long,string,string,string,int</XmlAttributeTypeList>
            <XmlNodePath>/RuleSetGroupVO/RuleSetGroupVORow/RuleSet/RuleSetVORow/Rule/RuleVORow</XmlNodePath>
            <NodeSequence>3</NodeSequence>
         </MigrationProcessBusinessObjectCSVMetadataVORow>
         <MigrationProcessBusinessObjectCSVMetadataVORow>
            <ProcessId>-999</ProcessId>
            <BusinessObjectShortName>ORA_MOO_SALES_ASSIGNMENT_RULESET_GROUP</BusinessObjectShortName>
            <BatchName null="true"/>
            <XmlAttributeList>OwnerModule,RecordStatus,CreatedBy,CreationDate,DisplayName,LastUpdateDate,LastUpdateLogin,LastUpdatedBy,RefRowGuid,RuleSetGroupCode,RuleSetGroupGuid,WorkobjCandobjRelGuid,InactiveFlag,DescText</XmlAttributeList>
            <XmlAttributeTypeList>string,string,string,dateTime,string,dateTime,string,string,string,string,string,string,string,string</XmlAttributeTypeList>
            <XmlNodePath>/RuleSetGroupVO/RuleSetGroupVORow</XmlNodePath>
            <NodeSequence>1</NodeSequence>
         </MigrationProcessBusinessObjectCSVMetadataVORow>
      </MigrationProcessBusinessObjectCSVMetadata1>
      <MigrationProcessBatchCSVMetadata null="true"/>
      <MigrationProcessScopeValueCSVMetadata>
         <MigrationProcessScopeValueCSVMetadataVORow>
            <ProcessId>-999</ProcessId>
            <MigScopeValueSetId>100001811985375</MigScopeValueSetId>
            <BusinessObjectShortName>ORA_MOO_SALES_ASSIGNMENT_RULE_CONDITION_VALUE</BusinessObjectShortName>
            <ScopeValueBoAttributeId>productCode</ScopeValueBoAttributeId>
            <ScopeValueBoAttributeValue>MOO</ScopeValueBoAttributeValue>
            <ScopeValueBoAttributeValueCode>MOO</ScopeValueBoAttributeValueCode>
         </MigrationProcessScopeValueCSVMetadataVORow>
         <MigrationProcessScopeValueCSVMetadataVORow>
            <ProcessId>-999</ProcessId>
            <MigScopeValueSetId>100001811985373</MigScopeValueSetId>
            <BusinessObjectShortName>ORA_MOO_SALES_ASSIGNMENT_RULE_CONDITION</BusinessObjectShortName>
            <ScopeValueBoAttributeId>productCode</ScopeValueBoAttributeId>
            <ScopeValueBoAttributeValue>MOO</ScopeValueBoAttributeValue>
            <ScopeValueBoAttributeValueCode>MOO</ScopeValueBoAttributeValueCode>
         </MigrationProcessScopeValueCSVMetadataVORow>
         <MigrationProcessScopeValueCSVMetadataVORow>
            <ProcessId>-999</ProcessId>
            <MigScopeValueSetId>100001811985371</MigScopeValueSetId>
            <BusinessObjectShortName>ORA_MOO_SALES_ASSIGNMENT_RULE_CANDIDATE</BusinessObjectShortName>
            <ScopeValueBoAttributeId>productCode</ScopeValueBoAttributeId>
            <ScopeValueBoAttributeValue>MOO</ScopeValueBoAttributeValue>
            <ScopeValueBoAttributeValueCode>MOO</ScopeValueBoAttributeValueCode>
         </MigrationProcessScopeValueCSVMetadataVORow>
         <MigrationProcessScopeValueCSVMetadataVORow>
            <ProcessId>-999</ProcessId>
            <MigScopeValueSetId>100001811985369</MigScopeValueSetId>
            <BusinessObjectShortName>ORA_MOO_SALES_ASSIGNMENT_RULESET_RELATION</BusinessObjectShortName>
            <ScopeValueBoAttributeId>productCode</ScopeValueBoAttributeId>
            <ScopeValueBoAttributeValue>MOO</ScopeValueBoAttributeValue>
            <ScopeValueBoAttributeValueCode>MOO</ScopeValueBoAttributeValueCode>
         </MigrationProcessScopeValueCSVMetadataVORow>
         <MigrationProcessScopeValueCSVMetadataVORow>
            <ProcessId>-999</ProcessId>
            <MigScopeValueSetId>100001811985367</MigScopeValueSetId>
            <BusinessObjectShortName>ORA_MOO_SALES_ASSIGNMENT_RULESET_GROUP</BusinessObjectShortName>
            <ScopeValueBoAttributeId>productCode</ScopeValueBoAttributeId>
            <ScopeValueBoAttributeValue>MOO</ScopeValueBoAttributeValue>
            <ScopeValueBoAttributeValueCode>MOO</ScopeValueBoAttributeValueCode>
         </MigrationProcessScopeValueCSVMetadataVORow>
         <MigrationProcessScopeValueCSVMetadataVORow>
            <ProcessId>-999</ProcessId>
            <MigScopeValueSetId>100001811985365</MigScopeValueSetId>
            <BusinessObjectShortName>MOO_OPPORTUNITY_ASSIGNMENT_RULE</BusinessObjectShortName>
            <ScopeValueBoAttributeId>productCode</ScopeValueBoAttributeId>
            <ScopeValueBoAttributeValue>MOO</ScopeValueBoAttributeValue>
            <ScopeValueBoAttributeValueCode>MOO</ScopeValueBoAttributeValueCode>
         </MigrationProcessScopeValueCSVMetadataVORow>
      </MigrationProcessScopeValueCSVMetadata>
      <MigrationProcessMigrationObjectCSVMetadata>
         <MigrationProcessMigrationObjectCSVMetadataVORow>
            <ProcessId>-999</ProcessId>
            <BusinessObjectShortName>MOO_OPPORTUNITY_ASSIGNMENT_RULE</BusinessObjectShortName>
            <MigrateFlag>Y</MigrateFlag>
            <IncludeExternalDataFlag>Y</IncludeExternalDataFlag>
         </MigrationProcessMigrationObjectCSVMetadataVORow>
         <MigrationProcessMigrationObjectCSVMetadataVORow>
            <ProcessId>-999</ProcessId>
            <BusinessObjectShortName>ORA_MOO_SALES_ASSIGNMENT_RULESET_GROUP</BusinessObjectShortName>
            <MigrateFlag>Y</MigrateFlag>
            <IncludeExternalDataFlag>Y</IncludeExternalDataFlag>
         </MigrationProcessMigrationObjectCSVMetadataVORow>
         <MigrationProcessMigrationObjectCSVMetadataVORow>
            <ProcessId>-999</ProcessId>
            <BusinessObjectShortName>ORA_MOO_SALES_ASSIGNMENT_RULESET_RELATION</BusinessObjectShortName>
            <MigrateFlag>Y</MigrateFlag>
            <IncludeExternalDataFlag>Y</IncludeExternalDataFlag>
         </MigrationProcessMigrationObjectCSVMetadataVORow>
         <MigrationProcessMigrationObjectCSVMetadataVORow>
            <ProcessId>-999</ProcessId>
            <BusinessObjectShortName>ORA_MOO_SALES_ASSIGNMENT_RULE_CANDIDATE</BusinessObjectShortName>
            <MigrateFlag>Y</MigrateFlag>
            <IncludeExternalDataFlag>Y</IncludeExternalDataFlag>
         </MigrationProcessMigrationObjectCSVMetadataVORow>
         <MigrationProcessMigrationObjectCSVMetadataVORow>
            <ProcessId>-999</ProcessId>
            <BusinessObjectShortName>ORA_MOO_SALES_ASSIGNMENT_RULE_CONDITION</BusinessObjectShortName>
            <MigrateFlag>Y</MigrateFlag>
            <IncludeExternalDataFlag>Y</IncludeExternalDataFlag>
         </MigrationProcessMigrationObjectCSVMetadataVORow>
         <MigrationProcessMigrationObjectCSVMetadataVORow>
            <ProcessId>-999</ProcessId>
            <BusinessObjectShortName>ORA_MOO_SALES_ASSIGNMENT_RULE_CONDITION_VALUE</BusinessObjectShortName>
            <MigrateFlag>Y</MigrateFlag>
            <IncludeExternalDataFlag>Y</IncludeExternalDataFlag>
         </MigrationProcessMigrationObjectCSVMetadataVORow>
      </MigrationProcessMigrationObjectCSVMetadata>
      <MigrationProcessTaskCSVMetadata null="true"/>
      <MigrationProcessServiceVersionCSVMetadata null="true"/>
   </MigrationProcessCSVMetadataVORow>
</MigrationProcessCSVMetadataVO>