<MigrationProcessCSVMetadataVO>
   <MigrationProcessCSVMetadataVORow>
      <ProcessId>-999</ProcessId>
      <ProcessName>Manage Sales Task Templates_20240315_071842_061</ProcessName>
      <ProcessDescription>Manage Sales Task Templates_20240315_071842_061</ProcessDescription>
      <ProcessDate>2024-03-15 19:19:04.543</ProcessDate>
      <ObjectShortName>ZBS_MANAGE_SALES_TASK_TEMPLATE</ObjectShortName>
      <ObjectType>TASK</ObjectType>
      <CreatedByFlow>TASK_CSV_SERVICE</CreatedByFlow>
      <MigrationProcessBusinessObjectCSVMetadata1>
         <MigrationProcessBusinessObjectCSVMetadataVORow>
            <ProcessId>-999</ProcessId>
            <BusinessObjectShortName>ZMM_TASK_TEMPLATE</BusinessObjectShortName>
            <BatchName null="true"/>
            <XmlAttributeList>TemplateName,TemplateDescription,SourceObjectCode,SubTypeCode,SetId,ActiveFlag,ConflictId,TemplateFlag,ActivityStartDate,OrchestrationId,CustomRelationship,SourceObjectCd</XmlAttributeList>
            <XmlAttributeTypeList>string,string,string,string,long,string,long,string,date,long,string,string</XmlAttributeTypeList>
            <XmlNodePath>/ActivityTemplateSetVO/ActivityTemplateSetVORow</XmlNodePath>
            <NodeSequence>1</NodeSequence>
         </MigrationProcessBusinessObjectCSVMetadataVORow>
         <MigrationProcessBusinessObjectCSVMetadataVORow>
            <ProcessId>-999</ProcessId>
            <BusinessObjectShortName>ORA_ACTIVITY</BusinessObjectShortName>
            <BatchName null="true"/>
            <XmlAttributeList>Subject,ActivityTypeCode,ActivityFunctionCode,TemplateLeadTime,TemplateDuration,TemplateFlag,ActivityDescription,PriorityCode,ActivityNumber,StatusCode</XmlAttributeList>
            <XmlAttributeTypeList>string,string,string,decimal,decimal,string,clob,string,string,string</XmlAttributeTypeList>
            <XmlNodePath>/ActivityTemplateSetVO/ActivityTemplateSetVORow/ActivityInstance/ActivityInstanceVORow</XmlNodePath>
            <NodeSequence>2</NodeSequence>
         </MigrationProcessBusinessObjectCSVMetadataVORow>
      </MigrationProcessBusinessObjectCSVMetadata1>
      <MigrationProcessBatchCSVMetadata null="true"/>
      <MigrationProcessScopeValueCSVMetadata>
         <MigrationProcessScopeValueCSVMetadataVORow>
            <ProcessId>-999</ProcessId>
            <MigScopeValueSetId>100001812988382</MigScopeValueSetId>
            <BusinessObjectShortName>ZMM_TASK_TEMPLATE</BusinessObjectShortName>
            <ScopeValueBoAttributeId>TemplateType</ScopeValueBoAttributeId>
            <ScopeValueBoAttributeValue>OPPORTUNITY</ScopeValueBoAttributeValue>
            <ScopeValueBoAttributeValueCode>OPPORTUNITY</ScopeValueBoAttributeValueCode>
         </MigrationProcessScopeValueCSVMetadataVORow>
         <MigrationProcessScopeValueCSVMetadataVORow>
            <ProcessId>-999</ProcessId>
            <MigScopeValueSetId>100001812988382</MigScopeValueSetId>
            <BusinessObjectShortName>ZMM_TASK_TEMPLATE</BusinessObjectShortName>
            <ScopeValueBoAttributeId>ProductCode</ScopeValueBoAttributeId>
            <ScopeValueBoAttributeValue>MOO</ScopeValueBoAttributeValue>
            <ScopeValueBoAttributeValueCode>MOO</ScopeValueBoAttributeValueCode>
         </MigrationProcessScopeValueCSVMetadataVORow>
         <MigrationProcessScopeValueCSVMetadataVORow>
            <ProcessId>-999</ProcessId>
            <MigScopeValueSetId>100001812988382</MigScopeValueSetId>
            <BusinessObjectShortName>ZMM_TASK_TEMPLATE</BusinessObjectShortName>
            <ScopeValueBoAttributeId>ApplicationName</ScopeValueBoAttributeId>
            <ScopeValueBoAttributeValue>crm</ScopeValueBoAttributeValue>
            <ScopeValueBoAttributeValueCode>crm</ScopeValueBoAttributeValueCode>
         </MigrationProcessScopeValueCSVMetadataVORow>
      </MigrationProcessScopeValueCSVMetadata>
      <MigrationProcessMigrationObjectCSVMetadata>
         <MigrationProcessMigrationObjectCSVMetadataVORow>
            <ProcessId>-999</ProcessId>
            <BusinessObjectShortName>ZMM_TASK_TEMPLATE</BusinessObjectShortName>
            <MigrateFlag>Y</MigrateFlag>
            <IncludeExternalDataFlag>Y</IncludeExternalDataFlag>
         </MigrationProcessMigrationObjectCSVMetadataVORow>
      </MigrationProcessMigrationObjectCSVMetadata>
      <MigrationProcessTaskCSVMetadata null="true"/>
      <MigrationProcessServiceVersionCSVMetadata null="true"/>
   </MigrationProcessCSVMetadataVORow>
</MigrationProcessCSVMetadataVO>