"TemplateName","SourceObjectCode","TemplateDescription","SubTypeCode","SetId","ActiveFlag","ConflictId","TemplateFlag","ActivityStartDate","OrchestrationId","CustomRelationship","SourceObjectCd"
"Closing Opportunity","OPPORTUNITY","Recommended Template for Closed Stage of Sales Process","","0","Y","0","Y","2024/03/15","","","OPPORTUNITY"
"Create & Submit Agreement","OPPORTUNITY","Recommended Template for Agreement Stage of Sales Process","","0","Y","0","Y","2024/03/15","","","OPPORTUNITY"
"Create & Submit Building Vision","OPPORTUNITY","Recommended Template for Building Vision Stage of Sales Process","","0","Y","0","Y","2024/03/15","","","OPPORTUNITY"
"Create & Submit Discovery Map","OPPORTUNITY","Recommended Template for the Discovery Stage of Sales Process","","0","Y","0","Y","2024/03/15","","","OPPORTUNITY"
"Create & Submit Infleunce Map","OPPORTUNITY","Recommended Template for the Planning Stage of a Sales Process","","0","Y","0","Y","2024/03/15","","","OPPORTUNITY"
"Create Contracts for Approval","OPPORTUNITY","Create Contracts and get Approval from Contracts Team","","0","Y","0","Y","2024/03/15","","","OPPORTUNITY"
"Customer Center Template","SALES_PARTY","","ASSESSMENT","0","Y","0","Y","2024/03/15","","","SALES_PARTY"
"Direct Mail Campaigns Tasks","CAMPAIGN","Basic tasks that need to be completed for direct mail campaigns","","0","Y","0","Y","2024/03/15","","","CAMPAIGN"
"Discount Approval Process","OPPORTUNITY","Tasks related to the approval process for a discount offered to a customer","ASSESSMENT","0","Y","0","Y","2024/03/15","","","OPPORTUNITY"
"Email Campaigns Basic Tasks","CAMPAIGN","Basic tasks that needs to be completed for any email corporate campaign","","0","Y","0","Y","2024/03/15","","","CAMPAIGN"
"Initial Lead Tasks","LEAD","","","0","Y","0","Y","2024/03/15","","","LEAD"
"Initiate Negotiation","OPPORTUNITY","Recommended Template for Negotiation Stage of Sales Process","","0","Y","0","Y","2024/03/15","","","OPPORTUNITY"
"Lead Assessment Basic Template","LEAD","Task associated to any Lead assessment questionnaire","ASSESSMENT","0","Y","0","Y","2024/03/15","","","LEAD"
"Lead Assessment High Score Template","LEAD","Tasks that should be followed when the score of the assessment is high","ASSESSMENT","0","Y","0","Y","2024/03/15","","","LEAD"
"Lead Followup Tasks","LEAD","","","0","Y","0","Y","2024/03/15","","","LEAD"
"Lead Handover To Sales","LEAD","Lead Handover To Sales","","0","Y","0","Y","2024/03/15","","","LEAD"
"Partner Onboarding","PARTNER_PROFILE","Partner Onboarding","","0","Y","0","Y","2024/03/15","","","PARTNER_PROFILE"
"Partner Recruitment","PARTNER_PROFILE","Partner Recruitment","","0","Y","0","Y","2024/03/15","","","PARTNER_PROFILE"
"Qualify & Discover","OPPORTUNITY","Rcomended Template for Qualification Sales Stage","","0","Y","0","Y","2024/03/15","","","OPPORTUNITY"
"Submit Opportunity Summary Checklist","OPPORTUNITY","Recommended template for Discovery stage of Sales Process","","0","Y","0","Y","2024/03/15","","","OPPORTUNITY"
"Submit Presentation","OPPORTUNITY","Recommended Template for Presentation Stage of Sales Process","","0","Y","0","Y","2024/03/15","","","OPPORTUNITY"
